{"train/loss": 0.0117, "train/learning_rate": 0.00029627277747101046, "train/epoch": 0.12, "train/global_step": 900, "_timestamp": 1679865111.9925716, "_runtime": 234.54724550247192, "_step": 8, "_wandb": {"runtime": 247}}