{"train/loss": 0.003, "train/learning_rate": 0.0002826062948647156, "train/epoch": 0.58, "train/global_step": 4200, "_timestamp": 1679866972.9910226, "_runtime": 1008.0046586990356, "_step": 41}