{"train/loss": 0.0043, "train/learning_rate": 0.00028716178906681387, "train/epoch": 0.43, "train/global_step": 3100, "_timestamp": 1679865944.6152186, "_runtime": 749.8980805873871, "_step": 30, "_wandb": {"runtime": 751}}